alphapone,alphastat
alphapone,alphachlor
alphapone,alphastat
alphapone,alphasome
alphapone,alphatine
alphapone,alphadril
alphapone,gammazine
alphapone,gammadrine
alphapone,gammachlor
alphapone,gammastat
alphapone,gammatine
alphapone,gammadril
alphapone,oxychlor
alphapone,oxysome
alphapone,oxypine
alphapone,oxydril
alphapone,chlorazine
alphapone,chlorazone
alphapone,chloratan
alphapone,chloraprine
alphapone,chlorapril
alphapone,benzopine
alphapone,benzotine
alphapone,benzodril
alphapone,benzomycin
alphapone,benzopril
alphapone,hexastat
alphapone,hexaprine
alphapone,diadrochlor
alphapone,diadrotine
alphapone,diadroprine
alphapone,sucrotan
alphapone,fantazine
alphapone,fantastat
alphapone,fantazone
alphapone,fantachlor
alphapone,fantastat
alphapone,fantatan
alphapone,diazopone
alphapone,diazostat
alphapone,heptapine
alphapone,phytozine
alphapone,phytomycin
alphapone,floxapone
alphapone,floxachlor
alphapone,floxasome
alphapone,floxapine
alphapone,floxapril
alphapone,eristopone
alphapone,eristotine
alphazine,alphasome
alphazine,alphaprine
alphazine,gammastat
alphazine,oxystat
alphazine,oxypine
alphazine,oxytan
alphazine,chlorachlor
alphazine,chlorapine
alphazine,chloratan
alphazine,benzozine
alphazine,benzopril
alphazine,hexamycin
alphazine,sucrodrine
alphazine,sucrozone
alphazine,sucrosome
alphazine,fantazine
alphazine,fantastat
alphazine,diazozine
alphazine,diazostat
alphazine,diazosome
alphazine,diazotan
alphazine,diazomycin
alphazine,heptastat
alphazine,heptazone
alphazine,heptadril
alphazine,heptaprine
alphazine,heptapril
alphazine,phytostat
alphazine,phytotan
alphazine,phytomycin
alphazine,floxazine
alphazine,floxastat
alphazine,floxastat
alphazine,floxadril
alphazine,floxaprine
alphazine,eristotine
alphadrine,alphapone
alphadrine,alphachlor
alphadrine,gammatine
alphadrine,gammadril
alphadrine,gammapril
alphadrine,chloradrine
alphadrine,chlorasome
alphadrine,benzodrine
alphadrine,benzotan
alphadrine,benzotine
alphadrine,hexazone
alphadrine,hexapine
alphadrine,diadrodrine
alphadrine,diadrostat
alphadrine,diadrosome
alphadrine,diadropine
alphadrine,diadrotan
alphadrine,sucrodrine
alphadrine,fantapone
alphadrine,fantadril
alphadrine,fantapril
alphadrine,diazostat
alphadrine,diazochlor
alphadrine,diazostat
alphadrine,diazosome
alphadrine,heptazine
alphadrine,heptazone
alphadrine,heptachlor
alphadrine,heptastat
alphadrine,heptapine
alphadrine,heptatan
alphadrine,heptapril
alphadrine,phytostat
alphadrine,phytodril
alphadrine,floxastat
alphadrine,floxazone
alphadrine,floxatine
alphadrine,eristostat
alphastat,alphasome
alphastat,alphatine
alphastat,alphapril
alphastat,gammapone
alphastat,gammadrine
alphastat,gammachlor
alphastat,gammapril
alphastat,oxyzone
alphastat,oxychlor
alphastat,oxytan
alphastat,oxydril
alphastat,chlorapone
alphastat,chloratan
alphastat,chloradril
alphastat,benzopine
alphastat,benzotine
alphastat,benzopril
alphastat,hexachlor
alphastat,hexasome
alphastat,hexatan
alphastat,hexamycin
alphastat,diadrostat
alphastat,diadropine
alphastat,diadroprine
alphastat,sucrostat
alphastat,sucrozone
alphastat,sucrotan
alphastat,fantapone
alphastat,fantazine
alphastat,fantadril
alphastat,diazostat
alphastat,diazoprine
alphastat,diazopril
alphastat,heptapone
alphastat,heptadrine
alphastat,heptastat
alphastat,heptasome
alphastat,phytostat
alphastat,phytochlor
alphastat,phytostat
alphastat,floxazine
alphastat,floxazone
alphastat,floxastat
alphastat,eristodrine
alphastat,eristostat
alphastat,eristochlor
alphazone,alphazine
alphazone,alphadrine
alphazone,alphastat
alphazone,alphatine
alphazone,gammapone
alphazone,gammazone
alphazone,gammatan
alphazone,gammaprine
alphazone,oxyzine
alphazone,oxydrine
alphazone,oxychlor
alphazone,oxystat
alphazone,oxytan
alphazone,chlorachlor
alphazone,chlorastat
alphazone,chlorapine
alphazone,chloraprine
alphazone,benzopril
alphazone,hexapone
alphazone,hexasome
alphazone,hexamycin
alphazone,diadrochlor
alphazone,diadrostat
alphazone,diadropine
alphazone,diadroprine
alphazone,sucropine
alphazone,sucrotan
alphazone,sucrodril
alphazone,fantazine
alphazone,fantachlor
alphazone,fantasome
alphazone,fantapine
alphazone,fantatine
alphazone,fantaprine
alphazone,diazochlor
alphazone,diazotan
alphazone,diazopril
alphazone,heptazine
alphazone,heptazone
alphazone,heptastat
alphazone,heptasome
alphazone,heptatan
alphazone,phytostat
alphazone,phytodril
alphazone,phytopril
alphazone,floxapone
alphazone,floxapine
alphazone,eristopone
alphazone,eristochlor
alphazone,eristodril
alphachlor,alphadril
alphachlor,alphamycin
alphachlor,gammapine
alphachlor,gammadril
alphachlor,gammaprine
alphachlor,oxypril
alphachlor,chlorastat
alphachlor,chlorachlor
alphachlor,benzoprine
alphachlor,hexasome
alphachlor,hexatan
alphachlor,diadrodrine
alphachlor,diadrotan
alphachlor,diadrodril
alphachlor,sucrostat
alphachlor,fantapone
alphachlor,fantasome
alphachlor,fantapine
alphachlor,diazodrine
alphachlor,diazozone
alphachlor,heptazine
alphachlor,heptadrine
alphachlor,heptastat
alphachlor,heptasome
alphachlor,heptamycin
alphachlor,heptapril
alphachlor,phytozone
alphachlor,phytotan
alphachlor,phytoprine
alphachlor,phytomycin
alphachlor,floxadrine
alphachlor,floxatan
alphachlor,eristomycin
alphastat,alphatan
alphastat,gammapone
alphastat,gammazine
alphastat,gammastat
alphastat,gammasome
alphastat,gammapine
alphastat,chlorazine
alphastat,chloramycin
alphastat,benzodrine
alphastat,benzozone
alphastat,benzosome
alphastat,benzopine
alphastat,benzopril
alphastat,hexapone
alphastat,hexazine
alphastat,hexasome
alphastat,hexaprine
alphastat,hexamycin
alphastat,hexapril
alphastat,diadrodrine
alphastat,diadropine
alphastat,diadrodril
alphastat,sucrodril
alphastat,fantapine
alphastat,fantamycin
alphastat,diazopone
alphastat,diazozone
alphastat,diazostat
alphastat,heptadril
alphastat,heptaprine
alphastat,heptamycin
alphastat,phytopone
alphastat,floxadrine
alphastat,floxastat
alphastat,floxastat
alphastat,eristostat
alphastat,eristozone
alphastat,eristotan
alphastat,eristoprine
alphastat,eristomycin
alphasome,alphachlor
alphasome,alphatan
alphasome,alphatine
alphasome,gammazine
alphasome,gammatan
alphasome,oxysome
alphasome,chlorazine
alphasome,chlorachlor
alphasome,benzozine
alphasome,benzostat
alphasome,benzochlor
alphasome,benzotine
alphasome,hexazone
alphasome,hexastat
alphasome,hexapril
alphasome,diadrochlor
alphasome,diadrostat
alphasome,diadropine
alphasome,sucrozone
alphasome,sucrodril
alphasome,sucroprine
alphasome,fantachlor
alphasome,fantapine
alphasome,fantadril
alphasome,fantaprine
alphasome,fantapril
alphasome,heptapine
alphasome,heptapril
alphasome,phytozone
alphasome,phytodril
alphasome,phytomycin
alphasome,floxamycin
alphasome,eristostat
alphasome,eristostat
alphasome,eristotan
alphasome,eristomycin
alphapine,alphapone
alphapine,alphazine
alphapine,alphastat
alphapine,alphatine
alphapine,alphadril
alphapine,alphaprine
alphapine,gammadril
alphapine,oxychlor
alphapine,oxystat
alphapine,oxysome
alphapine,oxytine
alphapine,oxydril
alphapine,oxymycin
alphapine,benzochlor
alphapine,benzotine
alphapine,benzomycin
alphapine,hexastat
alphapine,hexazone
alphapine,diadropone
alphapine,diadrodrine
alphapine,diadrozone
alphapine,diadrodril
alphapine,diadropril
alphapine,sucropone
alphapine,sucrozone
alphapine,sucrosome
alphapine,sucrodril
alphapine,fantapone
alphapine,fantachlor
alphapine,fantapine
alphapine,diazopone
alphapine,diazopine
alphapine,diazotan
alphapine,diazotine
alphapine,diazoprine
alphapine,diazomycin
alphapine,heptadrine
alphapine,heptamycin
alphapine,phytotine
alphapine,floxachlor
alphapine,floxatan
alphapine,eristostat
alphapine,eristotan
alphapine,eristodril
alphapine,eristopril
alphatan,alphapone
alphatan,alphatine
alphatan,alphaprine
alphatan,gammadrine
alphatan,gammapine
alphatan,oxystat
alphatan,oxyprine
alphatan,chlorapine
alphatan,chloratine
alphatan,chloradril
alphatan,benzostat
alphatan,benzopril
alphatan,hexachlor
alphatan,hexasome
alphatan,hexadril
alphatan,diadrodrine
alphatan,diadrozone
alphatan,diadrostat
alphatan,diadrotan
alphatan,sucrozine
alphatan,sucrochlor
alphatan,sucrostat
alphatan,sucroprine
alphatan,sucromycin
alphatan,fantazone
alphatan,fantapine
alphatan,fantatan
alphatan,fantaprine
alphatan,diazozone
alphatan,diazostat
alphatan,diazopine
alphatan,diazopril
alphatan,heptapone
alphatan,heptadrine
alphatan,heptastat
alphatan,heptapine
alphatan,phytozone
alphatan,phytomycin
alphatan,phytopril
alphatan,floxachlor
alphatan,floxaprine
alphatan,eristochlor
alphatan,eristodril
alphatan,eristopril
alphatine,alphazine
alphatine,alphadrine
alphatine,alphasome
alphatine,alphamycin
alphatine,gammadrine
alphatine,gammachlor
alphatine,gammasome
alphatine,gammapine
alphatine,gammapril
alphatine,oxyzone
alphatine,oxypine
alphatine,chlorazine
alphatine,chloradrine
alphatine,chloramycin
alphatine,benzozine
alphatine,benzozone
alphatine,benzosome
alphatine,benzoprine
alphatine,hexamycin
alphatine,diadrochlor
alphatine,diadrostat
alphatine,diadrotan
alphatine,diadrotine
alphatine,sucrochlor
alphatine,sucrosome
alphatine,sucrotine
alphatine,fantazine
alphatine,fantasome
alphatine,fantamycin
alphatine,diazodrine
alphatine,diazostat
alphatine,diazosome
alphatine,heptasome
alphatine,heptadril
alphatine,heptamycin
alphatine,phytopone
alphatine,phytozone
alphatine,phytopine
alphatine,phytomycin
alphatine,floxapine
alphatine,floxadril
alphatine,floxaprine
alphatine,eristozine
alphatine,eristozone
alphatine,eristodril
alphadril,alphastat
alphadril,alphasome
alphadril,alphapine
alphadril,alphaprine
alphadril,gammapone
alphadril,gammazine
alphadril,gammastat
alphadril,gammapine
alphadril,gammatine
alphadril,gammadril
alphadril,oxyzine
alphadril,oxydrine
alphadril,oxyzone
alphadril,chlorasome
alphadril,chloraprine
alphadril,benzopone
alphadril,benzozine
alphadril,benzochlor
alphadril,benzostat
alphadril,benzotine
alphadril,hexasome
alphadril,hexatan
alphadril,hexapril
alphadril,diadrodrine
alphadril,diadropine
alphadril,diadropril
alphadril,sucropone
alphadril,sucrozone
alphadril,sucrosome
alphadril,sucrotine
alphadril,sucroprine
alphadril,sucromycin
alphadril,fantazone
alphadril,fantatan
alphadril,fantatine
alphadril,fantamycin
alphadril,diazopone
alphadril,diazostat
alphadril,diazozone
alphadril,diazostat
alphadril,diazotan
alphadril,diazomycin
alphadril,heptazine
alphadril,heptadril
alphadril,phytopine
alphadril,floxapone
alphadril,floxazine
alphadril,floxachlor
alphadril,floxatan
alphadril,floxamycin
alphadril,eristopine
alphadril,eristotan
alphaprine,alphapone
alphaprine,alphatine
alphaprine,alphapril
alphaprine,gammazone
alphaprine,gammastat
alphaprine,gammapril
alphaprine,oxypone
alphaprine,oxystat
alphaprine,oxystat
alphaprine,oxytine
alphaprine,oxydril
alphaprine,oxyprine
alphaprine,chlorapone
alphaprine,chlorasome
alphaprine,chlorapine
alphaprine,chloratan
alphaprine,benzozine
alphaprine,benzostat
alphaprine,benzopine
alphaprine,hexastat
alphaprine,hexapine
alphaprine,hexaprine
alphaprine,diadrostat
alphaprine,diadrozone
alphaprine,diadrosome
alphaprine,diadroprine
alphaprine,sucrozine
alphaprine,sucropine
alphaprine,sucrodril
alphaprine,fantazine
alphaprine,fantachlor
alphaprine,fantatan
alphaprine,diazodrine
alphaprine,diazozone
alphaprine,diazochlor
alphaprine,diazostat
alphaprine,heptastat
alphaprine,heptasome
alphaprine,heptatan
alphaprine,phytoprine
alphaprine,floxadrine
alphaprine,floxazone
alphaprine,floxatan
alphaprine,floxapril
alphaprine,eristochlor
alphaprine,eristostat
alphaprine,eristotine
alphaprine,eristopril
alphamycin,alphapone
alphamycin,alphastat
alphamycin,alphasome
alphamycin,gammadrine
alphamycin,gammachlor
alphamycin,gammastat
alphamycin,gammatan
alphamycin,gammamycin
alphamycin,oxydrine
alphamycin,oxyprine
alphamycin,chloratan
alphamycin,chloradril
alphamycin,benzozine
alphamycin,benzozone
alphamycin,benzomycin
alphamycin,hexapine
alphamycin,hexamycin
alphamycin,diadrostat
alphamycin,diadrosome
alphamycin,diadroprine
alphamycin,sucropine
alphamycin,fantadrine
alphamycin,fantachlor
alphamycin,fantasome
alphamycin,fantadril
alphamycin,diazozone
alphamycin,diazochlor
alphamycin,diazosome
alphamycin,diazopine
alphamycin,diazotan
alphamycin,heptapone
alphamycin,heptazone
alphamycin,phytopone
alphamycin,phytozone
alphamycin,phytochlor
alphamycin,phytotan
alphamycin,phytotine
alphamycin,floxachlor
alphamycin,floxaprine
alphamycin,floxapril
alphamycin,eristostat
alphamycin,eristomycin
alphapril,gammastat
alphapril,gammadril
alphapril,gammamycin
alphapril,oxyzine
alphapril,oxydrine
alphapril,oxychlor
alphapril,oxysome
alphapril,oxytine
alphapril,oxydril
alphapril,oxyprine
alphapril,chlorapone
alphapril,chlorastat
alphapril,chloraprine
alphapril,benzosome
alphapril,hexastat
alphapril,hexaprine
alphapril,diadrozine
alphapril,diadrotine
alphapril,diadropril
alphapril,sucrodrine
alphapril,fantapine
alphapril,fantatan
alphapril,diazopone
alphapril,diazotan
alphapril,heptadrine
alphapril,heptastat
alphapril,heptapine
alphapril,phytopine
alphapril,phytopril
alphapril,floxastat
alphapril,floxachlor
alphapril,floxastat
alphapril,floxapine
alphapril,eristochlor
gammapone,alphapone
gammapone,alphazine
gammapone,alphadrine
gammapone,gammachlor
gammapone,gammasome
gammapone,gammatan
gammapone,oxystat
gammapone,oxysome
gammapone,oxyprine
gammapone,chloradrine
gammapone,chlorasome
gammapone,chloraprine
gammapone,chlorapril
gammapone,benzozine
gammapone,benzostat
gammapone,benzotan
gammapone,benzoprine
gammapone,hexachlor
gammapone,hexapine
gammapone,hexatine
gammapone,hexamycin
gammapone,diadrozone
gammapone,diadrosome
gammapone,sucrostat
gammapone,sucrochlor
gammapone,sucrotan
gammapone,fantapine
gammapone,diazochlor
gammapone,heptadrine
gammapone,heptatan
gammapone,heptadril
gammapone,heptaprine
gammapone,heptapril
gammapone,floxastat
gammapone,floxatine
gammapone,eristopone
gammapone,eristochlor
gammapone,eristostat
gammapone,eristomycin
gammapone,eristopril
gammazine,alphadrine
gammazine,alphapine
gammazine,alphatan
gammazine,alphadril
gammazine,gammatine
gammazine,gammadril
gammazine,gammaprine
gammazine,oxyzine
gammazine,oxyzone
gammazine,oxypine
gammazine,oxytan
gammazine,oxypril
gammazine,chlorastat
gammazine,chlorastat
gammazine,benzopone
gammazine,benzozine
gammazine,benzodrine
gammazine,benzopine
gammazine,hexachlor
gammazine,hexapine
gammazine,hexamycin
gammazine,diadropone
gammazine,diadrostat
gammazine,diadrozone
gammazine,diadrostat
gammazine,diadrotan
gammazine,diadrotine
gammazine,diadroprine
gammazine,sucropone
gammazine,sucrozone
gammazine,sucrotan
gammazine,sucropril
gammazine,fantaprine
gammazine,fantamycin
gammazine,diazochlor
gammazine,diazotan
gammazine,diazodril
gammazine,diazoprine
gammazine,heptapone
gammazine,heptadrine
gammazine,phytopone
gammazine,phytodrine
gammazine,phytotine
gammazine,phytopril
gammazine,floxadrine
gammazine,floxapine
gammazine,floxamycin
gammazine,eristozine
gammazine,eristozone
gammazine,eristotine
gammazine,eristoprine
gammadrine,gammapril
gammadrine,oxychlor
gammadrine,chlorazine
gammadrine,benzochlor
gammadrine,benzopine
gammadrine,benzomycin
gammadrine,hexazine
gammadrine,hexatan
gammadrine,hexatine
gammadrine,hexaprine
gammadrine,hexamycin
gammadrine,diadrozine
gammadrine,diadrosome
gammadrine,sucrozone
gammadrine,sucrostat
gammadrine,sucrosome
gammadrine,sucropine
gammadrine,sucrodril
gammadrine,fantapone
gammadrine,fantastat
gammadrine,fantatine
gammadrine,heptadrine
gammadrine,heptadril
gammadrine,heptamycin
gammadrine,phytopone
gammadrine,phytochlor
gammadrine,phytomycin
gammadrine,floxapone
gammadrine,floxazine
gammadrine,floxadril
gammadrine,floxaprine
gammadrine,floxamycin
gammadrine,eristostat
gammadrine,eristosome
gammastat,alphazone
gammastat,alphasome
gammastat,alphamycin
gammastat,gammachlor
gammastat,gammastat
gammastat,gammasome
gammastat,gammamycin
gammastat,oxytine
gammastat,oxyprine
gammastat,chloradrine
gammastat,chloraprine
gammastat,benzodrine
gammastat,benzostat
gammastat,benzozone
gammastat,benzosome
gammastat,benzotine
gammastat,hexastat
gammastat,hexapine
gammastat,hexapril
gammastat,sucrozone
gammastat,sucrotine
gammastat,sucromycin
gammastat,fantapine
gammastat,fantatan
gammastat,diazopine
gammastat,diazotan
gammastat,phytoprine
gammastat,floxastat
gammastat,floxapril
gammastat,eristodrine
gammastat,eristochlor
gammastat,eristotine
gammastat,eristopril
gammazone,alphatan
gammazone,alphamycin
gammazone,gammapine
gammazone,gammatan
gammazone,oxypine
gammazone,oxytine
gammazone,chlorapone
gammazone,chlorastat
gammazone,chlorachlor
gammazone,chlorapine
gammazone,chloraprine
gammazone,benzopril
gammazone,hexastat
gammazone,hexatine
gammazone,hexapril
gammazone,diadropone
gammazone,diadrochlor
gammazone,diadropine
gammazone,diadrotine
gammazone,diadroprine
gammazone,sucrostat
gammazone,sucrozone
gammazone,fantazine
gammazone,fantastat
gammazone,diazozine
gammazone,diazotan
gammazone,diazotine
gammazone,heptazine
gammazone,heptaprine
gammazone,heptamycin
gammazone,phytozine
gammazone,phytozone
gammazone,phytosome
gammazone,phytopine
gammazone,phytotan
gammazone,phytodril
gammazone,floxapone
gammazone,floxazine
gammazone,floxadrine
gammazone,floxazone
gammazone,floxastat
gammazone,floxadril
gammazone,eristopone
gammazone,eristostat
gammazone,eristostat
gammazone,eristotine
gammachlor,alphadrine
gammachlor,alphastat
gammachlor,alphazone
gammachlor,alphachlor
gammachlor,alphatine
gammachlor,alphaprine
gammachlor,alphapril
gammachlor,gammatine
gammachlor,gammamycin
gammachlor,oxystat
gammachlor,oxymycin
gammachlor,chlorazine
gammachlor,chlorachlor
gammachlor,chlorasome
gammachlor,chloratine
gammachlor,benzozone
gammachlor,benzosome
gammachlor,benzopine
gammachlor,benzodril
gammachlor,diadrostat
gammachlor,diadrostat
gammachlor,diadrosome
gammachlor,sucrozine
gammachlor,sucrodrine
gammachlor,sucrochlor
gammachlor,fantazine
gammachlor,fantachlor
gammachlor,fantapine
gammachlor,fantatan
gammachlor,fantatine
gammachlor,fantadril
gammachlor,fantapril
gammachlor,diazopone
gammachlor,diazostat
gammachlor,diazoprine
gammachlor,heptapone
gammachlor,heptadrine
gammachlor,heptazone
gammachlor,phytochlor
gammachlor,floxapine
gammachlor,floxadril
gammachlor,eristopone
gammachlor,eristotine
gammachlor,eristoprine
gammastat,alphadrine
gammastat,alphastat
gammastat,alphazone
gammastat,alphachlor
gammastat,alphamycin
gammastat,alphapril
gammastat,gammadrine
gammastat,gammachlor
gammastat,gammasome
gammastat,gammatine
gammastat,gammaprine
gammastat,gammamycin
gammastat,oxystat
gammastat,oxysome
gammastat,oxymycin
gammastat,chlorapone
gammastat,chlorazone
gammastat,chloratan
gammastat,chlorapril
gammastat,benzodril
gammastat,benzomycin
gammastat,hexadrine
gammastat,hexachlor
gammastat,hexatan
gammastat,hexatine
gammastat,hexadril
gammastat,diadrozine
gammastat,diadrotine
gammastat,diadromycin
gammastat,sucrostat
gammastat,sucrotine
gammastat,fantapone
gammastat,fantatan
gammastat,diazostat
gammastat,diazochlor
gammastat,diazosome
gammastat,diazotan
gammastat,diazoprine
gammastat,heptazine
gammastat,heptachlor
gammastat,phytodrine
gammastat,phytostat
gammastat,eristozine
gammastat,eristodrine
gammastat,eristostat
gammastat,eristosome
gammastat,eristotan
gammastat,eristotine
gammasome,alphadrine
gammasome,alphadril
gammasome,alphaprine
gammasome,gammastat
gammasome,gammazone
gammasome,gammachlor
gammasome,gammapine
gammasome,gammamycin
gammasome,oxydril
gammasome,chlorastat
gammasome,chlorasome
gammasome,benzopine
gammasome,benzotan
gammasome,hexazone
gammasome,hexachlor
gammasome,hexasome
gammasome,hexatan
gammasome,hexaprine
gammasome,diadrodrine
gammasome,diadrostat
gammasome,diadrotine
gammasome,diadropril
gammasome,sucrostat
gammasome,sucrosome
gammasome,sucrotan
gammasome,fantastat
gammasome,fantapine
gammasome,fantadril
gammasome,diazostat
gammasome,diazotine
gammasome,diazoprine
gammasome,diazopril
gammasome,heptastat
gammasome,heptasome
gammasome,phytopone
gammasome,phytozine
gammasome,phytostat
gammasome,phytoprine
gammasome,phytomycin
gammasome,floxatan
gammasome,floxatine
gammasome,floxaprine
gammasome,eristostat
gammasome,eristosome
gammasome,eristotan
gammapine,alphapine
gammapine,alphatan
gammapine,gammasome
gammapine,oxysome
gammapine,oxytine
gammapine,chlorazine
gammapine,chlorastat
gammapine,chloraprine
gammapine,benzosome
gammapine,hexadrine
gammapine,hexapine
gammapine,diadropone
gammapine,diadrozone
gammapine,diadrostat
gammapine,diadrosome
gammapine,sucropone
gammapine,sucrozone
gammapine,sucrodril
gammapine,sucromycin
gammapine,fantachlor
gammapine,fantastat
gammapine,fantadril
gammapine,diazotine
gammapine,heptazine
gammapine,heptastat
gammapine,heptatine
gammapine,heptaprine
gammapine,heptapril
gammapine,phytostat
gammapine,phytosome
gammapine,phytotine
gammapine,floxazone
gammapine,floxastat
gammapine,floxapine
gammapine,eristozone
gammapine,eristosome
gammapine,eristomycin
gammatan,alphapine
gammatan,gammazone
gammatan,oxystat
gammatan,chlorapone
gammatan,benzodril
gammatan,benzomycin
gammatan,hexadrine
gammatan,hexasome
gammatan,hexapine
gammatan,hexamycin
gammatan,diadrozine
gammatan,diadropine
gammatan,diadrotine
gammatan,sucropine
gammatan,sucrodril
gammatan,sucromycin
gammatan,fantapone
gammatan,fantazone
gammatan,fantadril
gammatan,diazochlor
gammatan,diazotan
gammatan,heptazine
gammatan,heptastat
gammatan,heptasome
gammatan,heptatan
gammatan,phytopone
gammatan,phytozone
gammatan,phytochlor
gammatan,phytoprine
gammatan,floxazone
gammatan,floxastat
gammatan,floxatan
gammatan,floxadril
gammatan,eristoprine
gammatine,alphaprine
gammatine,gammadrine
gammatine,gammastat
gammatine,gammapine
gammatine,gammamycin
gammatine,oxypine
gammatine,oxytine
gammatine,oxydril
gammatine,chloradrine
gammatine,chlorastat
gammatine,chlorastat
gammatine,benzodrine
gammatine,benzostat
gammatine,benzotan
gammatine,benzodril
gammatine,hexatine
gammatine,sucrostat
gammatine,sucrozone
gammatine,sucrochlor
gammatine,sucroprine
gammatine,fantadrine
gammatine,diazostat
gammatine,diazopine
gammatine,heptapone
gammatine,heptastat
gammatine,heptastat
gammatine,heptasome
gammatine,heptadril
eristopril,chloratine
eristopril,benzopone
eristopril,benzostat
eristopril,benzotan
eristopril,benzotine
eristopril,benzomycin
eristopril,hexapone
eristopril,hexazine
eristopril,hexadrine
eristopril,hexachlor
eristopril,hexastat
eristopril,hexapril
eristopril,diadrostat
eristopril,diadropine
eristopril,diadrotan
eristopril,sucrozine
eristopril,sucrotine
eristopril,sucroprine
eristopril,fantazone
eristopril,fantastat
eristopril,diazomycin
eristopril,heptapone
eristopril,phytozine
eristopril,phytostat
eristopril,phytopine
eristopril,phytoprine
eristopril,floxadrine
eristopril,floxazone
eristopril,floxachlor
eristopril,floxatan
eristopril,floxatine
eristopril,eristotine
eristopril,eristoprine
